SA4_CODE_2016,P_Philippines_E,P_Philippines_OM_IE,P_Philippines_OM_UIE,P_Philippines_CFW,P_Philippines_ES_NS,P_Philippines_Tot,P_Poland_E,P_Poland_OM_IE,P_Poland_OM_UIE,P_Poland_CFW,P_Poland_ES_NS,P_Poland_Tot,P_Singapore_E,P_Singapore_OM_IE,P_Singapore_OM_UIE,P_Singapore_CFW,P_Singapore_ES_NS,P_Singapore_Tot,P_SthAfrica_E,P_SthAfrica_OM_IE,P_SthAfrica_OM_UIE,P_SthAfrica_CFW,P_SthAfrica_ES_NS,P_SthAfrica_Tot,P_SriLanka_E,P_SriLanka_OM_IE,P_SriLanka_OM_UIE,P_SriLanka_CFW,P_SriLanka_ES_NS,P_SriLanka_Tot,P_Thailand_E,P_Thailand_OM_IE,P_Thailand_OM_UIE,P_Thailand_CFW,P_Thailand_ES_NS,P_Thailand_Tot,P_Turkey_E,P_Turkey_OM_IE,P_Turkey_OM_UIE,P_Turkey_CFW,P_Turkey_ES_NS,P_Turkey_Tot,P_UK_E,P_UK_OM_IE,P_UK_OM_UIE,P_UK_CFW,P_UK_ES_NS,P_UK_Tot,P_USA_E,P_USA_OM_IE,P_USA_OM_UIE,P_USA_CFW,P_USA_ES_NS,P_USA_Tot,P_Vietnam_E,P_Vietnam_OM_IE,P_Vietnam_OM_UIE,P_Vietnam_CFW,P_Vietnam_ES_NS,P_Vietnam_Tot,P_Zimbabwe_E,P_Zimbabwe_OM_IE,P_Zimbabwe_OM_UIE,P_Zimbabwe_CFW,P_Zimbabwe_ES_NS,P_Zimbabwe_Tot,P_Elsewhere_E,P_Elsewhere_OM_IE,P_Elsewhere_OM_UIE,P_Elsewhere_CFW,P_Elsewhere_ES_NS,P_Elsewhere_Tot,P_COB_NS_E,P_COB_NS_OM_IE,P_COB_NS_OM_UIE,P_COB_NS_CFW,P_COB_NS_ES_NS,P_COB_NS_Tot,P_Tot_E,P_Tot_OM_IE,P_Tot_OM_UIE,P_Tot_CFW,P_Tot_ES_NS,P_Tot_Tot
101,339,6,14,14,11,390,53,3,11,0,3,74,36,4,4,3,0,47,176,32,22,9,3,237,99,8,6,0,0,114,97,12,16,3,3,137,16,3,0,5,0,25,1777,202,389,112,32,2511,204,21,40,13,3,286,75,9,32,6,0,120,62,0,8,3,0,71,1211,129,159,53,16,1573,1173,102,218,82,71,1653,55846,5364,8352,2695,983,73243
102,639,37,19,9,9,717,66,8,18,0,0,97,43,9,10,0,3,69,452,68,101,10,5,642,103,17,10,0,0,127,234,24,32,14,4,311,16,3,9,0,0,32,4091,519,620,93,53,5380,299,32,36,7,5,380,134,17,36,4,3,198,110,8,4,0,0,133,1539,222,229,63,23,2073,1231,101,156,39,71,1601,86009,7309,8802,1503,1115,104732
103,385,13,7,5,8,425,21,0,9,3,3,30,32,0,4,0,0,42,236,26,31,9,5,307,83,10,9,3,0,98,88,13,9,8,3,121,14,0,3,0,0,15,1415,114,216,78,23,1847,146,8,18,12,4,187,66,13,20,13,0,110,106,3,3,0,0,117,765,61,96,25,12,949,1195,116,222,116,99,1739,65855,4636,8462,3014,1230,83199
104,190,10,16,3,6,226,17,5,3,0,0,21,13,0,3,0,0,19,176,31,28,10,0,248,21,0,0,0,0,25,53,0,15,4,5,76,7,0,3,0,0,10,1311,130,236,55,23,1750,133,9,24,0,0,167,32,3,13,3,3,51,41,7,4,0,0,51,855,58,115,30,14,1076,704,42,123,24,48,949,38947,2793,5143,1278,679,48844
105,232,0,12,3,0,254,9,0,0,0,0,16,15,0,4,0,0,15,120,3,9,3,0,135,88,12,14,3,0,114,26,0,0,4,0,31,3,0,0,0,0,4,500,34,54,37,6,628,45,5,7,0,0,57,26,0,9,0,0,38,62,0,3,0,0,64,539,30,41,13,8,630,809,60,136,77,79,1153,35902,2396,4780,2017,791,45892
106,446,9,15,9,3,486,35,5,5,0,0,47,36,3,10,0,0,53,373,29,41,14,4,454,91,9,10,3,0,110,100,8,21,3,4,136,5,3,7,5,0,27,2278,227,303,77,28,2907,228,13,12,9,3,267,90,14,19,7,3,133,110,5,0,3,3,128,932,87,94,27,11,1154,1244,91,140,61,72,1619,85601,5279,6356,1833,1031,100101
107,566,12,24,5,5,610,103,9,13,0,0,126,49,5,4,0,0,66,328,57,46,9,5,443,158,10,7,0,4,178,252,15,43,5,3,318,139,27,45,3,3,214,4188,325,426,68,43,5053,294,24,28,8,3,353,321,42,77,9,3,450,77,6,8,0,0,92,2808,243,323,46,38,3450,1120,84,121,22,87,1441,87024,5851,7018,1150,981,102028
108,281,23,23,4,11,348,23,0,6,0,0,25,21,3,4,0,0,34,179,37,35,14,3,269,34,6,5,0,0,43,55,6,23,3,4,90,3,3,4,0,0,15,1701,196,336,86,27,2348,123,12,37,3,3,183,36,7,14,0,0,55,49,3,11,0,0,62,678,93,110,32,10,916,1106,79,184,64,81,1514,53800,4032,7512,1913,1098,68360
109,264,3,7,5,4,283,18,0,3,0,0,22,23,0,0,0,0,27,124,15,10,0,0,150,86,11,4,0,3,105,44,5,7,0,0,63,3,0,0,0,0,9,867,80,99,40,16,1098,69,7,6,0,0,83,26,10,6,0,0,47,33,0,3,0,0,33,652,28,47,18,5,746,700,77,114,71,59,1016,38679,3473,4513,1794,675,49146
110,520,4,13,7,19,554,11,3,0,0,0,15,41,5,0,0,0,46,224,21,28,10,0,277,85,12,0,0,0,96,56,6,14,4,0,75,4,0,3,0,0,7,926,101,185,82,16,1310,146,13,25,13,0,201,80,6,16,3,0,107,63,3,0,0,0,70,932,40,63,40,22,1092,1169,112,216,102,97,1689,57086,4170,7997,3284,1155,73688
111,755,12,31,4,14,815,116,11,12,0,0,145,75,3,13,0,0,93,585,56,52,5,3,710,174,10,8,3,0,194,233,14,31,11,4,289,17,9,5,0,0,30,3862,321,341,56,22,4608,497,24,58,3,3,586,193,27,55,9,6,289,180,9,8,3,0,202,2280,190,245,41,22,2785,1367,72,92,25,96,1660,135695,8322,8916,1443,1220,155588
112,400,6,23,10,7,447,32,3,13,0,4,52,51,4,7,0,0,59,302,51,85,10,4,456,39,7,4,0,0,49,132,8,22,8,4,168,20,4,3,5,0,30,2473,353,616,101,39,3581,293,41,104,9,7,454,55,7,25,10,0,91,62,6,14,3,0,88,1271,143,311,64,42,1834,1241,100,242,67,80,1729,65750,5694,10918,2171,1241,85780
113,538,7,7,5,11,557,21,0,0,0,0,21,22,4,3,0,0,31,306,16,19,0,4,339,114,12,3,3,0,135,67,3,7,0,0,77,24,3,0,0,0,25,902,59,98,28,12,1096,100,4,7,5,3,124,41,3,16,3,0,65,104,0,5,0,0,116,1390,47,60,19,16,1536,1043,70,188,88,82,1470,54742,3920,6155,2252,918,67996
114,214,3,8,0,5,236,29,10,12,5,0,55,30,4,7,0,0,39,139,30,38,7,0,212,34,11,4,0,0,47,83,3,5,0,3,99,5,3,3,0,0,13,1884,237,350,96,24,2585,140,9,30,5,3,194,48,14,23,6,0,86,36,7,4,0,0,47,746,96,142,37,17,1035,726,71,125,31,67,1022,40058,3931,5682,1170,725,51563
115,1762,70,52,16,9,1899,176,29,35,0,0,243,145,22,19,7,0,192,956,134,92,14,7,1204,739,86,73,12,9,914,249,32,14,5,4,296,94,32,25,0,3,146,2576,426,297,67,15,3379,378,42,34,6,0,458,482,53,30,15,6,593,129,10,12,4,0,151,3472,431,326,71,37,4333,471,68,71,20,41,665,63687,8603,6180,1365,642,80475
116,4535,163,203,31,34,4964,257,18,25,0,0,303,116,10,8,0,0,139,708,54,38,4,8,805,962,115,111,20,14,1228,278,10,11,10,0,306,242,32,43,18,4,346,2783,219,156,24,22,3199,252,22,8,3,3,287,1255,80,114,32,26,1505,121,0,8,0,0,135,6628,540,656,105,93,8020,1028,91,82,16,77,1296,91894,6677,5798,1011,1010,106400
117,12332,114,125,26,53,12655,1479,90,100,14,3,1697,2133,88,75,10,11,2317,6444,615,248,20,40,7367,3815,88,57,9,26,3994,5628,141,189,55,89,6097,957,98,84,19,7,1168,31664,2095,1332,99,174,35370,4891,207,190,16,25,5339,7480,396,378,93,75,8418,755,41,18,6,3,826,48871,2089,1909,254,470,53589,3925,269,203,49,290,4731,523949,27651,20300,2496,3946,578345
118,1612,17,51,10,18,1712,284,51,75,8,3,425,260,21,20,3,7,305,1375,545,426,49,22,2412,296,11,7,3,3,316,862,43,51,11,6,964,133,17,8,0,3,165,4198,665,620,78,42,5602,733,74,107,11,0,919,703,52,96,26,6,885,169,17,14,4,0,200,8988,903,1087,161,123,11266,652,72,81,17,51,879,72289,8793,8693,1300,800,91871
119,2691,58,69,15,27,2861,260,26,35,3,3,331,207,22,17,4,3,259,607,68,36,3,9,728,549,35,25,3,3,610,639,33,61,27,10,764,224,34,45,9,3,319,2809,239,224,44,27,3335,277,24,15,5,0,324,4550,466,636,150,88,5883,198,9,5,0,3,215,12189,1162,1554,176,204,15278,1309,147,165,39,123,1783,119379,13286,12103,2170,1690,148635
120,2735,38,49,12,13,2851,226,26,31,0,4,284,206,16,19,3,0,243,586,62,69,3,9,731,918,75,69,9,10,1084,681,29,54,8,8,783,253,48,56,8,3,365,2773,398,412,38,31,3652,368,39,59,9,3,478,1759,172,166,50,40,2187,107,3,14,0,0,126,8223,553,640,101,95,9612,775,77,93,19,72,1030,87300,9278,8315,1346,991,107232
121,3979,64,56,25,30,4153,521,58,75,9,6,670,676,79,51,14,3,824,3139,552,363,46,18,4115,1387,71,36,6,11,1516,1540,77,72,20,23,1735,230,39,22,7,3,303,11307,1500,959,132,67,13967,1492,169,117,14,15,1806,1533,132,115,28,15,1823,377,40,38,4,0,457,15258,1092,935,175,126,17581,1105,120,118,35,112,1494,178774,18143,12866,2408,1448,213633
122,1145,19,28,5,11,1207,150,29,33,4,0,214,135,21,20,0,0,173,1006,254,166,29,3,1455,172,18,9,0,3,203,549,31,52,14,4,648,54,16,23,3,4,93,5112,1181,882,138,52,7363,616,101,124,20,5,871,298,42,50,8,7,407,98,35,19,3,0,151,5664,615,607,98,63,7049,517,93,84,15,58,775,66096,10930,9061,1440,708,88233
123,1307,27,44,7,16,1406,157,27,22,3,0,213,42,7,5,0,0,53,385,49,38,9,4,487,234,13,21,0,3,273,216,13,21,6,3,264,49,14,7,3,3,70,2502,251,226,49,28,3053,173,14,15,5,0,204,896,90,121,19,10,1143,113,3,6,0,0,123,4190,398,491,97,71,5243,902,109,94,23,63,1193,66069,5742,5034,940,870,78655
124,1819,51,59,13,15,1953,128,22,29,9,3,182,97,9,9,3,0,116,414,41,41,10,4,507,447,36,27,5,3,515,278,18,22,4,0,323,97,8,15,0,3,124,3613,425,494,77,32,4638,272,33,50,10,0,362,613,65,97,21,6,802,127,4,3,0,0,138,3540,333,415,69,62,4419,960,64,96,26,52,1200,85262,6976,7889,1244,899,102264
125,7394,75,94,20,46,7631,498,33,41,7,4,585,439,27,33,7,3,506,1325,75,54,5,4,1465,2923,172,158,28,33,3307,787,25,38,13,8,875,847,148,184,21,30,1230,5596,273,178,32,38,6116,575,15,13,5,0,612,5519,360,374,82,61,6398,318,15,3,3,5,342,17158,1016,996,158,248,19579,1833,152,111,35,146,2281,192017,12808,9719,1770,2047,218360
126,2603,24,27,6,15,2673,269,11,15,0,0,307,393,18,17,4,0,437,1198,72,47,3,3,1324,1171,51,34,3,13,1276,489,18,20,10,8,543,178,16,9,4,0,206,4233,243,161,27,15,4684,660,35,22,0,3,717,1044,57,49,19,3,1176,169,8,4,0,0,182,7393,316,319,54,59,8142,580,32,35,7,50,707,88232,5462,4480,834,597,99607
127,2620,54,60,10,20,2763,271,42,35,3,4,347,115,16,10,0,0,139,498,40,17,3,6,566,501,28,17,3,5,552,537,40,35,11,12,636,317,43,58,16,11,441,2274,176,106,24,27,2606,224,15,16,0,3,255,6418,960,1068,221,111,8774,199,7,0,0,3,212,10414,1037,1090,178,176,12884,1344,137,133,36,143,1791,104308,9485,7632,1539,1521,124482
128,713,14,15,4,7,751,89,18,17,0,0,123,78,10,13,3,0,103,338,48,38,0,9,431,78,10,6,0,0,97,308,24,29,3,0,360,43,13,10,3,0,72,1979,311,267,42,22,2620,192,22,20,8,0,242,332,39,76,8,8,473,68,0,0,0,0,71,3010,288,262,56,28,3643,454,59,52,14,38,612,52554,6737,5613,893,587,66381
197,0,0,0,0,0,0,0,0,0,0,0,0,0,0,0,0,0,0,0,0,0,0,0,0,0,0,0,0,0,0,0,0,0,0,0,0,0,0,0,0,0,0,0,0,3,0,0,3,0,0,0,0,0,0,0,0,0,0,0,0,0,0,0,0,0,0,0,0,0,0,0,0,3,0,0,0,0,3,61,7,16,0,3,86
199,583,53,195,9,15,851,134,63,146,5,9,357,102,32,46,0,4,183,346,99,209,9,13,686,139,25,35,6,3,215,215,11,94,7,5,340,94,44,86,9,11,249,2890,726,2007,83,73,5784,268,44,149,3,6,469,666,166,342,22,19,1207,62,11,16,0,0,90,4369,930,2430,96,144,7968,1384,305,721,61,183,2659,79636,17188,41954,1997,2587,143365
201,262,4,3,6,0,273,22,0,0,0,0,25,32,3,5,3,0,39,123,17,18,0,3,157,89,9,3,3,0,104,63,8,5,3,0,81,4,3,3,0,0,9,1342,115,180,44,10,1688,121,9,18,0,3,154,75,12,11,3,0,105,23,3,3,0,3,36,639,59,78,18,7,797,823,87,107,47,67,1121,49149,3900,4570,1462,787,59866
202,327,4,7,0,11,348,9,0,4,0,0,9,27,0,0,0,0,34,169,7,14,9,0,195,93,7,5,3,0,107,78,0,10,4,0,93,9,3,0,0,0,10,1156,120,204,38,21,1539,100,15,11,8,3,134,119,5,9,3,0,142,23,0,3,0,0,27,829,43,50,23,15,963,878,80,130,42,55,1192,49598,3776,4919,1358,747,60402
203,665,10,9,8,14,701,110,13,10,3,3,135,94,6,17,0,3,121,322,31,32,6,0,402,231,15,8,3,0,262,159,9,11,9,0,188,29,7,3,4,0,50,3787,337,417,84,34,4660,281,19,33,8,0,343,242,30,45,15,4,339,104,3,5,0,0,114,2067,143,174,47,36,2472,1271,116,133,34,84,1643,89726,7213,7711,1758,1061,107466
204,341,0,13,3,5,366,16,3,5,0,0,28,37,0,0,0,0,44,131,12,10,3,0,157,92,13,5,3,0,116,56,3,8,3,0,69,6,0,5,0,0,11,1510,149,199,71,22,1953,123,17,26,9,0,171,25,3,4,0,0,39,35,0,3,4,0,38,885,68,97,46,16,1114,1134,94,172,75,73,1550,53996,4596,6598,2322,1004,68527
205,464,7,13,8,3,501,58,4,8,3,3,80,36,0,4,3,0,46,264,21,23,6,3,322,212,27,13,3,3,262,85,10,16,0,0,114,8,0,3,0,0,9,2572,217,352,122,54,3314,161,12,30,3,0,207,104,19,40,7,5,179,68,7,3,3,0,85,1117,110,149,43,30,1449,1672,160,252,114,119,2322,79276,6251,10180,2958,1526,100188
206,9504,99,95,25,59,9778,1602,120,142,19,17,1905,3082,126,96,10,16,3333,5270,354,214,22,18,5878,8970,202,155,34,68,9425,2552,118,142,27,24,2858,1205,142,122,35,24,1531,27477,1665,1437,134,135,30845,4132,245,253,23,38,4685,9679,574,503,140,108,11000,912,36,21,3,6,984,40800,1863,1810,289,440,45202,5340,403,331,79,378,6527,613394,35541,28224,4371,4937,686467
207,1269,21,29,6,12,1331,259,37,28,5,3,328,633,55,53,11,0,751,1121,99,100,12,3,1334,1980,120,81,17,18,2215,397,36,43,10,3,485,106,34,21,7,0,163,4689,416,390,71,37,5608,596,37,53,10,7,709,1343,130,141,44,23,1680,187,17,10,0,3,218,6158,544,527,101,70,7398,876,106,88,26,71,1164,117182,12451,9454,2178,1066,142323
208,1787,26,29,9,13,1863,456,122,152,31,8,762,322,42,40,4,0,412,1523,334,269,41,23,2188,2300,110,94,22,20,2543,508,25,41,19,9,601,198,37,27,11,0,282,5441,723,701,95,61,7029,594,94,82,17,0,784,2082,96,164,26,22,2393,251,19,16,3,0,281,8638,1224,1183,207,149,11402,1178,128,114,29,93,1544,121609,14883,12377,2371,1334,152571
209,1667,12,42,10,26,1754,224,25,33,6,3,279,297,17,17,6,0,343,530,61,51,9,3,648,1521,128,114,18,24,1803,314,27,26,7,3,373,303,66,38,8,7,421,3514,385,326,63,22,4312,355,33,35,9,0,436,2402,173,225,58,41,2897,175,13,6,0,0,200,5317,507,578,94,103,6596,1546,207,160,41,140,2091,117600,11871,10149,1973,1613,143201
210,2024,33,38,9,20,2127,261,20,20,3,3,309,256,14,17,0,3,296,408,27,31,3,0,464,1777,118,104,23,27,2054,308,11,16,7,0,340,1248,310,277,58,48,1939,3149,267,192,34,20,3668,287,24,12,5,0,334,2519,140,161,39,37,2896,131,8,3,3,0,143,6620,558,488,86,122,7868,1833,183,147,42,160,2370,116945,10181,7956,1651,1698,138428
211,1475,34,35,15,15,1558,340,45,48,7,9,451,406,45,37,7,0,499,1136,121,97,21,5,1376,2004,161,117,31,20,2334,433,22,46,14,4,517,87,15,17,0,3,116,6498,813,800,141,65,8324,467,50,56,16,4,580,1402,90,139,25,12,1676,188,12,17,3,0,218,6205,565,573,122,83,7546,1511,160,172,48,112,1999,140933,14704,13187,2813,1516,173162
212,3824,79,79,17,31,4026,863,121,139,14,6,1151,933,64,61,11,4,1069,2187,181,122,29,11,2524,7739,665,703,144,90,9342,725,55,75,10,12,871,474,95,66,21,10,664,10879,836,625,110,92,12548,817,56,54,10,3,932,5578,510,621,141,83,6929,437,24,10,7,4,478,20204,1816,1968,377,358,24715,2730,256,237,63,218,3504,255405,20522,16732,3702,2802,299165
213,5342,115,145,49,39,5688,590,72,69,14,9,747,441,56,40,6,0,544,800,68,67,12,8,952,1860,132,157,21,23,2194,550,48,68,19,8,689,386,67,53,17,12,543,5957,402,429,67,40,6894,481,30,50,7,5,578,7801,890,964,268,119,10039,232,9,12,9,8,268,13692,1229,1522,246,307,16994,2380,251,217,52,221,3124,185135,14686,13378,2758,2496,218458
214,681,20,24,9,11,751,107,21,28,3,3,163,91,13,6,3,0,115,467,74,54,11,4,603,529,44,34,6,8,619,155,20,35,9,0,215,38,9,3,3,0,57,4971,772,784,145,70,6742,244,43,35,11,0,339,308,39,55,16,5,421,115,8,4,0,3,130,2342,280,307,88,42,3056,995,128,144,29,81,1377,72541,8622,8485,1726,1018,92394
215,352,3,3,5,6,370,14,0,0,0,0,17,7,3,0,0,0,12,135,17,6,4,0,161,88,6,6,0,0,97,72,0,9,0,0,86,42,3,3,9,0,62,772,62,84,43,17,978,66,14,4,0,0,87,82,18,11,3,3,121,45,0,3,0,0,52,917,54,65,23,22,1085,1068,139,170,106,73,1553,46806,4655,5841,3127,966,61396
216,372,4,5,3,4,392,15,3,0,0,0,19,25,4,0,0,0,23,99,7,5,0,0,117,86,12,0,6,0,110,56,7,8,0,0,70,41,10,3,3,0,60,815,58,74,28,5,985,71,8,8,3,0,88,18,3,3,0,0,21,37,0,0,0,0,35,921,70,68,25,21,1096,924,85,147,60,72,1293,42687,4058,4538,1732,792,53808
217,212,0,13,6,8,236,15,0,0,0,0,19,18,0,3,0,0,17,120,10,13,0,0,149,79,3,5,0,0,86,38,3,14,7,3,63,3,3,3,0,0,8,856,64,140,40,17,1124,73,3,10,7,0,89,20,3,5,0,0,30,41,3,8,0,0,49,601,25,53,16,13,705,883,86,195,78,58,1305,40769,3216,6381,2095,867,53330
297,0,0,0,0,0,0,0,0,0,0,0,0,0,0,0,0,0,0,0,0,0,0,0,0,0,0,0,0,0,0,0,0,0,0,0,0,0,0,0,0,0,0,5,0,0,0,0,5,0,0,0,0,0,0,0,0,0,0,0,0,0,0,0,0,0,0,0,0,0,0,0,0,0,0,0,0,0,4,146,3,4,3,3,157
299,295,19,91,3,10,411,130,52,135,5,8,329,143,20,66,0,4,224,263,49,156,4,5,474,439,99,136,3,3,685,127,8,45,4,10,191,148,90,139,11,13,401,2293,554,1490,43,79,4461,198,33,69,7,3,310,535,129,269,28,39,998,51,3,14,0,3,68,3074,663,1661,83,130,5620,1275,330,638,46,144,2431,66022,15171,33984,1616,2241,119032
301,804,16,29,8,6,860,58,11,11,0,0,84,93,7,12,3,0,115,1092,160,118,30,3,1407,226,17,12,6,0,263,210,14,18,7,3,254,17,7,6,0,0,30,4195,508,474,78,42,5297,221,27,26,3,0,275,220,29,58,14,6,323,174,26,9,4,0,216,2736,253,259,55,44,3348,613,66,43,12,48,778,66546,6580,5611,1150,660,80553
302,1818,26,33,3,6,1885,132,5,14,0,0,149,181,10,10,0,0,202,1314,63,53,5,3,1441,331,22,29,6,3,394,246,21,24,0,0,298,22,9,7,0,0,36,5311,291,308,34,44,5990,383,23,26,3,0,424,454,30,62,12,5,571,313,11,10,0,0,342,4386,231,260,48,40,4957,841,38,57,7,61,1003,100183,5590,5185,787,762,112509
303,1910,46,63,13,11,2040,225,21,14,4,3,267,351,29,26,6,3,424,1762,133,100,11,7,2023,619,56,61,8,3,754,371,22,30,9,5,434,54,20,5,3,0,81,6352,459,408,61,47,7323,531,44,30,6,3,616,1306,139,255,51,24,1777,487,38,23,4,4,550,8915,846,845,189,86,10875,1138,68,67,22,86,1383,134274,10014,8580,1738,1106,155714
304,500,12,18,3,5,540,93,11,8,0,0,113,177,16,17,0,0,206,923,143,115,23,4,1205,249,17,29,3,3,304,128,11,13,4,3,155,16,3,0,0,0,20,2631,310,289,57,17,3307,408,38,37,12,0,497,439,36,92,15,5,577,185,18,15,3,0,227,2684,214,215,48,33,3198,324,28,40,13,23,421,50142,4209,4202,754,333,59640
305,3668,38,54,7,17,3775,518,32,27,7,3,580,832,34,24,0,4,901,4571,194,124,17,22,4930,1273,45,33,3,4,1368,887,55,64,15,9,1027,115,18,16,4,0,151,16255,961,657,94,85,18055,1741,80,74,12,6,1908,1570,91,121,27,14,1820,1041,61,30,5,0,1134,16599,751,658,121,120,18257,1744,121,93,25,101,2083,282509,14874,11227,1796,1647,312065
306,1277,24,60,17,26,1399,86,8,7,0,0,105,85,9,8,0,0,101,497,32,46,17,3,587,112,13,6,0,0,133,336,18,48,11,7,428,15,3,7,0,0,27,4284,376,575,80,49,5365,370,25,51,22,3,471,115,22,19,9,3,169,171,18,14,0,0,202,3751,224,392,82,72,4522,1306,99,163,53,78,1702,81467,6198,8288,2176,1172,99301
307,731,4,9,3,9,760,13,0,0,0,0,22,42,0,0,0,0,46,311,14,24,6,0,350,48,3,0,0,0,54,28,8,6,3,0,37,3,0,0,0,0,4,928,65,104,43,12,1166,80,0,6,4,3,101,20,6,8,0,6,37,103,8,8,0,0,115,871,28,46,21,10,971,824,92,146,119,65,1245,41926,3793,6050,3358,824,55949
308,1122,13,15,11,6,1170,29,4,3,0,0,36,42,3,3,3,0,54,870,55,54,8,8,1000,257,8,3,0,0,267,118,3,15,4,0,139,14,0,0,0,0,11,2183,133,166,55,29,2552,206,14,20,9,0,247,285,11,18,7,5,323,249,10,6,6,0,272,1754,75,104,26,30,1997,1181,82,98,75,53,1482,82907,4378,6031,2269,977,96570
309,2152,89,105,28,23,2389,282,35,53,4,5,384,347,39,24,4,0,414,2899,535,319,74,29,3856,269,34,23,4,4,331,710,49,63,18,10,851,115,26,11,4,0,166,11654,1580,1437,287,108,15066,951,107,123,23,10,1210,394,48,73,27,5,551,473,65,43,3,5,583,8723,969,996,222,122,11027,1886,219,209,61,135,2507,192614,21627,18828,4015,2176,239261
310,963,19,34,3,12,1031,105,7,7,0,0,117,123,5,7,7,0,145,923,96,61,3,5,1089,289,17,32,0,3,340,143,8,14,0,6,169,25,3,0,3,0,32,4251,319,336,67,44,5014,305,19,20,10,3,363,1482,157,354,86,31,2111,284,19,9,3,4,316,4536,246,391,58,89,5319,1075,59,93,39,65,1328,93396,5245,6650,1621,996,107904
311,845,33,44,5,17,951,87,13,23,0,0,127,118,16,10,7,0,152,943,139,74,22,5,1188,231,23,17,5,3,275,196,11,24,12,3,240,31,5,5,0,0,45,3855,442,440,98,40,4875,215,30,23,0,3,271,440,58,177,41,13,726,233,31,20,3,0,295,4344,479,577,124,77,5607,836,82,74,33,61,1083,77663,6961,7039,1661,918,94250
312,1165,16,25,6,4,1217,35,3,0,0,0,44,33,3,0,0,0,39,861,39,46,3,4,962,80,13,7,0,3,93,144,4,22,3,0,166,9,0,0,3,0,8,2055,124,175,49,11,2420,158,10,15,0,0,186,77,13,8,5,0,95,302,29,5,0,3,343,1309,85,87,25,13,1523,1093,80,102,59,69,1408,69420,4290,4536,1708,887,80844
313,868,19,12,12,19,933,35,7,6,0,0,45,52,0,11,0,0,61,511,50,47,9,3,624,92,15,13,0,0,121,96,11,6,5,0,115,9,3,0,3,0,12,3026,315,416,106,31,3906,156,9,28,7,0,194,90,23,40,7,3,168,102,14,6,7,3,135,1686,126,136,30,14,1997,663,57,77,22,49,867,53721,4335,5304,1218,662,65244
314,375,22,11,6,0,419,42,8,10,3,0,67,40,9,7,0,0,57,695,105,134,19,5,953,69,10,20,4,3,96,89,15,15,7,4,123,5,3,0,0,0,13,2294,323,334,66,20,3038,146,17,29,6,0,196,88,16,22,4,7,136,119,33,15,3,3,166,1188,144,186,31,17,1558,340,22,59,13,15,449,40022,4395,4359,884,368,50032
315,432,4,10,3,3,459,16,0,0,0,0,16,17,0,0,0,0,15,221,5,4,0,0,234,56,0,0,0,0,62,45,0,6,0,4,52,0,0,0,0,0,0,765,45,45,18,7,881,74,3,5,3,0,85,91,0,3,0,0,100,87,0,5,0,0,98,700,30,42,12,12,791,579,34,67,46,44,773,30769,1632,2515,1390,457,36773
316,647,21,39,4,17,729,75,15,16,3,8,121,101,5,18,3,0,127,1258,223,208,54,12,1759,80,16,20,3,0,114,210,28,52,13,3,305,12,4,4,0,0,13,6940,1103,1185,217,80,9525,522,75,110,27,3,730,91,18,12,4,0,132,332,64,63,6,4,471,2488,327,396,87,35,3335,1098,130,184,45,66,1530,101199,12243,13410,2897,1232,130983
317,490,8,11,6,5,520,23,0,8,0,0,32,48,8,5,3,0,66,449,48,27,13,3,535,163,11,9,0,0,183,36,3,7,4,0,53,10,3,3,0,0,11,1396,82,126,33,22,1657,173,8,7,5,0,196,52,3,15,0,3,77,287,29,24,3,0,341,1532,54,83,30,24,1723,599,47,40,10,38,733,55026,3665,3721,1068,580,64066
318,1013,9,34,9,12,1069,45,5,10,0,3,56,76,0,3,3,0,86,591,50,31,10,3,692,142,4,9,0,3,160,131,3,34,10,0,173,3,3,0,0,0,11,2794,145,237,33,14,3221,316,8,23,11,0,359,96,16,33,10,6,163,217,14,10,3,0,247,2107,123,129,36,21,2415,916,65,86,52,57,1173,85203,4784,5822,1595,869,98272
319,683,20,24,11,13,744,26,4,8,0,0,36,39,3,4,3,0,45,422,53,67,22,3,570,96,9,3,0,0,106,91,7,14,8,3,121,11,11,9,0,0,27,2610,186,362,108,39,3306,183,21,19,12,0,237,73,18,14,4,4,113,113,13,9,8,0,140,1281,99,128,62,20,1596,1134,80,172,84,66,1547,73936,5102,8489,3236,1151,91920
397,0,0,0,0,0,0,0,0,0,0,0,0,0,0,0,0,0,0,0,0,0,0,0,0,0,0,0,0,0,0,0,0,0,0,0,0,0,0,0,0,0,0,11,0,0,0,0,11,0,0,0,0,0,0,0,0,0,0,0,0,0,0,0,0,0,0,0,0,0,0,0,3,3,3,0,0,0,3,174,12,15,6,0,202
399,255,28,75,5,0,365,53,11,53,0,3,119,69,17,25,0,4,115,456,87,195,7,5,750,67,14,16,0,3,98,56,3,52,3,3,123,11,3,21,0,0,31,2771,613,1956,61,79,5481,191,26,109,3,3,332,149,41,60,12,4,263,113,17,57,3,0,194,1887,342,1078,66,65,3435,888,134,400,34,94,1559,58038,10356,27349,1522,1566,98838
401,2059,16,34,5,19,2135,647,38,43,4,8,740,501,29,33,16,0,585,1264,66,90,13,8,1433,789,27,33,9,8,863,485,28,34,17,7,570,68,10,6,5,0,86,12862,805,931,136,85,14814,819,57,58,5,0,943,1460,94,152,40,21,1768,300,10,14,0,0,321,7577,376,482,104,104,8650,1609,132,145,29,114,2033,186406,11651,12693,2263,1663,214679
402,1340,26,52,10,9,1432,330,21,56,13,4,427,158,17,7,3,0,188,520,24,35,4,3,577,318,17,22,5,3,366,222,7,19,5,0,254,43,4,4,0,0,52,8473,513,864,109,78,10030,257,15,19,4,10,304,1393,183,577,169,31,2351,164,4,11,0,3,187,4806,311,551,128,93,5897,1246,81,146,28,94,1600,106907,5736,8690,1604,1179,124118
403,821,13,21,6,9,863,286,30,42,6,5,368,139,13,14,8,0,174,581,54,69,4,5,710,195,11,12,4,5,228,112,7,20,5,0,149,21,4,5,0,0,27,8161,558,1094,150,79,10047,308,21,27,0,0,361,285,27,50,12,10,391,104,0,10,0,3,119,2436,162,280,47,28,2952,804,63,106,22,51,1051,82095,5683,9081,1482,892,99237
404,1372,13,31,7,15,1433,424,29,45,6,4,507,149,17,10,0,0,179,615,16,30,0,0,664,338,13,18,0,3,373,223,11,25,4,0,272,35,5,3,0,0,42,7578,350,425,47,72,8470,276,15,21,5,0,320,1619,146,309,42,35,2152,135,0,0,0,0,142,4730,260,382,71,69,5517,1207,94,96,7,90,1492,107469,6095,6601,995,1129,122287
405,203,9,3,8,9,227,15,0,0,0,0,13,12,0,0,0,0,14,118,9,15,0,0,143,28,5,3,0,0,36,29,4,7,3,0,44,3,0,0,0,0,3,1383,93,223,62,31,1787,59,0,12,3,0,73,35,9,10,6,0,58,27,0,3,0,0,33,336,17,52,8,9,420,553,50,113,49,58,824,30470,2688,5149,1983,659,40953
406,311,3,3,0,6,327,21,0,3,0,0,30,11,0,0,0,0,17,194,5,3,0,0,206,85,0,0,0,0,87,25,0,3,3,0,34,4,0,0,0,0,3,1416,61,108,24,19,1631,50,0,9,0,0,54,38,0,7,3,0,40,71,3,3,0,0,76,384,30,23,3,4,451,569,33,59,33,43,729,30483,1684,2858,1046,507,36578
407,616,3,7,7,12,645,16,3,3,0,0,18,11,3,3,0,3,20,191,13,24,7,4,238,72,0,5,0,0,74,68,10,5,5,0,92,11,3,8,4,0,19,2096,147,378,106,39,2759,108,12,26,4,0,150,122,18,15,10,7,170,65,6,0,3,3,75,1163,42,77,22,54,1365,1090,98,192,87,80,1538,53737,4366,8262,3136,1092,70596
497,0,0,0,0,0,0,0,0,0,0,0,0,0,0,0,0,0,0,0,0,0,0,0,0,0,0,0,0,0,0,0,0,0,0,0,0,0,0,0,0,0,0,3,0,0,0,0,4,0,0,0,0,0,0,0,0,0,0,0,0,0,0,0,0,0,0,0,0,0,0,0,0,0,0,0,0,0,0,52,0,4,0,0,64
499,99,0,24,0,4,127,57,17,44,3,0,123,19,5,6,0,0,32,87,8,39,5,0,136,31,0,19,0,0,49,31,0,15,0,3,42,0,0,7,0,0,8,1373,236,1229,21,37,2897,44,3,27,0,3,78,100,16,60,3,0,181,25,0,0,0,0,28,656,107,368,23,23,1175,312,43,213,12,46,626,18810,2837,11595,492,577,34311
501,822,6,16,8,14,859,52,9,6,7,0,67,96,4,10,11,0,120,1065,71,92,27,13,1262,61,5,7,0,0,70,77,10,5,6,0,95,4,0,0,0,0,6,4533,292,683,163,61,5733,186,27,35,17,0,265,70,7,21,11,3,113,358,31,30,4,0,426,1406,77,129,32,11,1655,838,88,145,54,59,1183,56601,4024,6878,2083,832,70419
502,387,3,15,0,4,416,21,0,0,0,0,22,59,16,4,0,0,71,452,43,56,12,3,567,58,3,9,0,3,73,77,7,7,0,0,86,0,0,0,0,0,0,3163,237,400,67,25,3896,65,5,11,4,0,89,34,3,7,0,0,53,117,14,12,7,0,147,556,41,62,8,10,676,276,15,28,6,9,337,21708,1580,2352,495,249,26378
503,2497,18,25,13,16,2568,693,38,54,5,8,790,2387,129,83,28,7,2636,5414,334,212,24,28,6005,1195,27,29,4,7,1256,710,25,27,6,3,772,95,7,17,3,0,121,23808,1241,1097,126,117,26385,1358,67,54,17,3,1494,1496,133,168,62,16,1878,1624,77,50,11,3,1768,14919,523,551,97,114,16196,1458,71,86,24,102,1734,204695,10994,8920,1496,1274,227378
504,1521,11,35,10,15,1588,225,25,48,8,5,307,458,29,36,4,0,530,1519,166,123,19,6,1834,281,22,20,8,0,335,245,6,20,0,5,287,28,7,3,0,4,41,7374,680,871,115,68,9115,274,32,27,8,0,337,1110,123,281,54,16,1583,519,46,33,9,0,610,4602,349,457,103,64,5572,812,54,90,23,60,1039,73278,6200,7130,1441,766,88807
505,1835,27,44,14,10,1932,410,49,119,13,5,601,758,55,59,7,5,891,4373,553,583,102,29,5636,394,30,25,3,9,459,408,16,46,12,8,486,36,16,14,7,0,73,20033,1749,2616,296,179,24878,523,48,56,11,0,638,1718,175,495,118,31,2536,1224,132,105,24,4,1486,8002,616,982,181,116,9899,1193,95,157,27,93,1562,130808,11875,14423,2267,1280,160642
506,3510,45,69,15,24,3662,368,24,58,3,3,456,1686,144,142,31,16,2009,3466,216,214,37,23,3949,1132,73,98,10,12,1325,726,21,51,8,5,815,88,38,32,5,0,159,17285,1291,1524,196,113,20412,654,32,46,8,0,748,1221,105,249,45,24,1647,1164,70,52,11,12,1313,11060,644,835,131,138,12801,1616,108,162,35,84,2000,168143,11485,12392,2289,1478,195786
507,3032,27,41,16,23,3132,251,26,43,3,3,325,1055,87,79,15,9,1247,2715,190,212,49,21,3179,539,24,35,7,5,617,451,17,38,7,0,514,36,10,12,3,0,62,16028,1069,1579,213,131,19012,564,38,56,3,3,667,434,61,135,36,16,678,813,57,55,14,7,944,6464,466,564,99,62,7655,1236,85,119,20,79,1535,128402,9051,10571,1992,1145,151165
509,884,3,8,7,16,920,31,3,0,0,0,33,57,3,3,6,0,75,573,52,75,19,3,717,42,3,0,0,0,52,94,0,4,6,4,113,3,0,0,0,0,5,2967,223,556,203,54,3991,132,8,28,11,4,181,49,14,24,12,0,103,206,6,11,12,0,238,1090,51,85,53,22,1304,808,99,200,102,72,1290,39943,4346,7607,3516,825,56235
510,1535,6,10,3,17,1574,77,0,0,0,0,77,160,0,6,0,0,163,1142,22,18,3,9,1191,152,3,7,0,5,158,236,6,9,3,0,259,23,0,4,0,0,25,4962,101,102,19,31,5215,234,4,3,4,0,251,105,7,7,0,3,120,575,4,3,3,0,589,2480,58,30,11,25,2601,1013,32,53,12,46,1153,70407,1764,1402,378,674,74614
511,923,4,14,12,18,967,38,0,0,0,0,46,69,3,0,0,0,75,1039,44,45,7,6,1141,82,4,5,0,0,90,154,3,11,0,3,175,6,0,0,0,0,6,3047,166,210,71,29,3523,141,11,3,5,0,155,62,34,69,20,10,188,432,14,10,3,3,463,1248,64,105,31,21,1466,740,55,89,39,55,978,49896,3089,3871,1342,637,58839
597,14,0,0,0,0,14,0,0,0,0,0,0,0,0,0,0,0,3,13,0,0,0,0,11,4,0,0,0,0,4,3,0,0,0,0,3,0,0,0,0,0,0,184,6,0,0,3,193,19,0,0,0,0,19,4,0,0,0,0,4,8,0,0,0,0,8,49,0,0,0,0,47,5,0,0,0,0,5,1536,22,23,5,8,1595
599,184,19,44,6,5,252,57,11,77,3,3,146,142,23,58,0,3,226,532,54,179,6,4,768,48,7,16,0,0,70,97,4,33,3,3,136,24,7,8,0,0,34,3482,632,2754,77,110,7056,87,11,60,4,4,172,114,22,59,7,3,212,197,17,50,0,0,269,1365,216,829,31,54,2499,485,73,248,26,40,878,31862,4660,16256,754,848,54379
601,360,6,10,3,0,384,89,11,21,0,0,120,113,5,12,3,3,133,414,47,40,5,3,510,89,3,11,0,0,108,156,3,21,8,3,193,10,5,3,0,0,18,3407,231,478,59,28,4202,378,20,57,10,4,468,86,10,25,0,4,129,79,5,0,0,0,98,1819,86,204,24,23,2160,1154,53,93,21,87,1409,86026,4318,7088,983,951,99359
602,206,6,3,8,4,227,38,4,5,0,0,45,54,3,6,0,0,62,171,17,18,3,0,214,44,3,3,0,0,52,42,0,4,0,0,53,5,4,0,0,0,14,1574,117,241,63,24,2026,121,4,12,8,0,152,46,0,13,3,0,56,30,0,5,3,0,40,746,50,77,18,16,905,840,75,105,29,45,1084,45944,2885,4516,1168,617,55131
603,12,0,0,0,0,17,8,0,3,0,0,14,3,0,0,0,0,3,15,6,9,4,0,31,9,0,0,0,0,15,3,0,0,0,0,8,0,0,0,0,0,0,251,41,127,20,7,452,26,3,11,7,0,46,3,0,0,0,0,3,4,0,0,3,0,10,142,8,23,9,4,191,224,26,49,18,38,350,6404,567,1587,510,195,9266
604,137,3,4,9,3,152,11,0,3,0,0,13,17,3,0,0,0,20,98,12,10,4,0,130,34,7,6,0,0,51,33,0,5,0,0,44,3,0,0,0,0,4,981,89,140,46,16,1273,66,8,8,3,3,88,16,4,0,0,0,18,33,3,0,3,0,40,331,19,36,16,3,411,760,48,100,28,48,985,35628,2028,3194,936,621,42416
697,0,0,0,0,0,0,0,0,0,0,0,0,0,0,0,0,0,0,0,0,0,0,0,0,0,0,0,0,0,0,0,0,0,0,0,0,0,0,0,0,0,0,5,0,0,0,0,5,0,0,0,0,0,0,0,0,0,0,0,0,0,0,0,0,0,0,0,0,0,0,0,0,0,0,0,0,0,0,50,3,0,0,0,55
699,12,0,3,0,0,15,3,3,6,0,0,13,8,0,4,0,0,12,9,3,11,0,0,21,4,0,0,0,0,5,4,3,3,0,0,10,0,0,0,0,0,3,166,18,164,3,6,353,11,3,12,0,0,23,0,0,0,0,0,3,0,0,0,0,0,3,74,10,27,3,0,119,141,14,70,3,10,243,5408,613,2817,126,170,9138
701,3035,32,63,17,36,3183,54,3,5,0,0,62,149,9,9,0,0,166,507,12,18,3,3,538,351,19,16,0,3,404,350,5,52,8,10,422,19,3,3,0,0,24,3277,170,160,18,27,3652,245,4,12,0,0,267,298,36,95,17,3,452,318,11,3,0,0,338,4138,180,224,44,34,4625,860,57,53,26,65,1064,64662,3159,3025,575,705,72120
702,652,7,12,5,13,686,21,0,0,0,0,23,32,0,0,0,0,36,205,5,11,3,0,229,94,3,0,0,0,103,81,0,5,0,0,88,7,0,0,0,0,7,1092,56,67,9,10,1237,485,3,13,0,0,504,69,18,37,6,3,130,193,0,6,0,0,206,1187,30,50,8,11,1281,548,26,42,14,17,645,30812,1242,1171,272,361,33860
797,0,0,0,0,0,0,0,0,0,0,0,0,0,0,0,0,0,0,0,0,0,0,0,0,0,0,0,0,0,0,0,0,0,0,0,0,0,0,0,0,0,0,6,0,0,0,0,8,0,0,0,0,0,0,0,0,0,0,0,0,0,0,0,0,0,0,9,0,4,0,0,9,0,0,0,0,0,0,88,3,4,4,0,91
799,49,0,3,0,0,51,0,0,0,0,0,4,6,0,0,0,0,6,9,0,0,0,0,12,3,0,0,0,0,3,10,0,10,0,0,23,0,0,0,0,0,0,133,18,44,3,0,201,12,3,3,0,0,11,17,0,3,0,0,23,7,0,0,0,0,9,96,4,25,3,0,131,48,8,17,4,10,79,2493,331,736,60,61,3679
801,2603,40,37,14,18,2711,434,40,38,0,0,511,528,22,19,4,0,573,1330,69,54,7,4,1458,1757,42,44,10,4,1851,730,32,36,9,6,813,118,11,12,0,4,148,8227,413,392,48,37,9119,1526,68,71,8,6,1680,1805,93,127,36,20,2085,457,17,10,0,3,486,10987,469,493,98,93,12145,1224,73,59,11,72,1441,201286,9197,7719,1301,1151,220648
897,0,0,0,0,0,0,0,0,0,0,0,0,0,0,0,0,0,0,0,0,0,0,0,0,0,0,0,0,0,0,0,0,0,0,0,0,0,0,0,0,0,0,0,0,0,0,0,0,0,0,0,0,0,0,0,0,0,0,0,0,0,0,0,0,0,0,0,0,0,0,0,0,0,0,0,0,0,0,0,0,0,0,0,0
899,19,5,4,0,0,29,4,0,4,0,0,15,3,0,0,0,0,7,18,0,7,0,0,26,18,3,6,0,0,29,5,0,0,0,0,10,4,0,0,0,0,4,138,19,70,0,0,223,22,0,3,0,3,36,24,6,11,3,0,43,0,0,0,0,0,0,237,72,104,5,13,424,54,4,18,5,6,84,4344,805,1534,69,78,6819
901,33,0,3,0,0,42,4,0,0,0,0,4,34,0,4,0,0,38,15,4,0,0,0,23,0,0,0,0,0,3,20,0,0,0,0,20,0,0,0,0,0,0,99,6,15,4,3,122,3,0,4,0,0,7,3,0,0,0,0,6,4,0,0,0,0,3,59,7,14,4,0,77,46,3,7,0,8,69,2215,93,272,49,62,2692
997,0,0,0,0,0,0,0,0,0,0,0,0,0,0,0,0,0,0,0,0,0,0,0,0,0,0,0,0,0,0,0,0,0,0,0,0,0,0,0,0,0,0,0,0,0,0,0,0,0,0,0,0,0,0,0,0,0,0,0,0,0,0,0,0,0,0,0,0,0,0,0,0,0,0,0,0,0,0,0,0,0,0,0,0
999,0,0,0,0,0,0,0,0,0,0,0,0,0,0,0,0,0,0,3,0,0,0,0,3,0,0,0,0,0,0,0,0,0,0,0,0,0,0,0,0,0,0,8,4,0,0,0,8,0,0,0,0,0,0,0,0,0,0,0,0,0,0,0,0,0,0,4,0,3,0,0,10,0,4,0,0,0,4,92,13,11,3,0,118